{"cameraMode":{"drawMode":0,"name":"Shaded","section":"Shading Mode"},"sceneLighting":true,"audioPlay":false,"sceneViewState":{"showFog":true,"showMaterialUpdate":false,"showSkybox":true,"showFlares":true,"showImageEffects":true,"showParticleSystems":true},"in2DMode":false,"pivot":{"x":3.940159559249878,"y":0.8377095460891724,"z":-1.9278087615966797},"rotation":{"x":0.07599907368421555,"y":-0.9121832251548767,"z":0.19758343696594239,"w":0.35086575150489809},"size":13.87702751159668,"orthographic":false}